{
  "MEF2C": {
    "Inhibitory": {
      "mean_shift": 0.018045054163251605,
      "std": 0.005750607932357462,
      "n": 70
    },
    "Excitatory": {
      "mean_shift": 0.018324471061879937,
      "std": 0.006921846044655968,
      "n": 110
    },
    "Other": {
      "mean_shift": 0.019691869616508484,
      "std": 0.0029427036949159478,
      "n": 12
    },
    "Astrocyte": {
      "mean_shift": 0.020782440900802612,
      "std": 0.001555484789147433,
      "n": 6
    },
    "OPC": {
      "mean_shift": 0.01627508799235026,
      "std": 0.0065381911648182975,
      "n": 3
    },
    "Oligodendrocyte": {
      "mean_shift": 0.019661263624827067,
      "std": 0.009111660951531821,
      "n": 15
    }
  },
  "BDNF": {
    "Excitatory": {
      "mean_shift": 0.0133692974394018,
      "std": 0.007865093705812978,
      "n": 88
    },
    "Other": {
      "mean_shift": 0.011804759502410889,
      "std": 0.0070490853263694584,
      "n": 6
    },
    "Astrocyte": {
      "mean_shift": 0.012434903532266617,
      "std": 0.0070854680035468895,
      "n": 16
    },
    "Oligodendrocyte": {
      "mean_shift": 0.014530649690917044,
      "std": 0.0066053906231448075,
      "n": 33
    },
    "Inhibitory": {
      "mean_shift": 0.01656241955295686,
      "std": 0.008591110746060521,
      "n": 31
    }
  },
  "GRIN2B": {
    "Inhibitory": {
      "mean_shift": 0.018153366247812906,
      "std": 0.005664906689524748,
      "n": 75
    },
    "Excitatory": {
      "mean_shift": 0.017268386640046773,
      "std": 0.005733382612297039,
      "n": 95
    },
    "OPC": {
      "mean_shift": 0.016284286975860596,
      "std": 0.00613173145067968,
      "n": 7
    },
    "Oligodendrocyte": {
      "mean_shift": 0.015236437320709229,
      "std": 0.006378888966346138,
      "n": 3
    },
    "Other": {
      "mean_shift": 0.020964503288269043,
      "std": 0.0,
      "n": 1
    }
  },
  "CADM2": {
    "Inhibitory": {
      "mean_shift": 0.020158266319948083,
      "std": 0.005317848335892124,
      "n": 68
    },
    "Excitatory": {
      "mean_shift": 0.019351232368334206,
      "std": 0.004429862525877555,
      "n": 113
    },
    "Oligodendrocyte": {
      "mean_shift": 0.019567962314771568,
      "std": 0.003909155694417711,
      "n": 230
    },
    "Astrocyte": {
      "mean_shift": 0.019001295489649617,
      "std": 0.004644896129801058,
      "n": 31
    },
    "OPC": {
      "mean_shift": 0.020510505746912072,
      "std": 0.006457690055120351,
      "n": 27
    },
    "Other": {
      "mean_shift": 0.021053075790405273,
      "std": 0.00029150180728888076,
      "n": 3
    }
  },
  "NRXN1": {
    "Excitatory": {
      "mean_shift": 0.017450853259162565,
      "std": 0.008372692859559435,
      "n": 113
    },
    "Astrocyte": {
      "mean_shift": 0.018646538257598877,
      "std": 0.006090983329717364,
      "n": 29
    },
    "Inhibitory": {
      "mean_shift": 0.0187363186661078,
      "std": 0.005130153326117091,
      "n": 49
    },
    "OPC": {
      "mean_shift": 0.016653063120665373,
      "std": 0.0096270026082009,
      "n": 27
    },
    "Oligodendrocyte": {
      "mean_shift": 0.01803502298536755,
      "std": 0.006402476920536026,
      "n": 21
    },
    "Other": {
      "mean_shift": 0.01431262493133545,
      "std": 0.004229247570037842,
      "n": 2
    }
  },
  "CAMK2A": {
    "Excitatory": {
      "mean_shift": 0.01952778155153448,
      "std": 0.005900643494377361,
      "n": 110
    },
    "Inhibitory": {
      "mean_shift": 0.017344917569841658,
      "std": 0.005333042306416554,
      "n": 35
    },
    "Oligodendrocyte": {
      "mean_shift": 0.016958437860012054,
      "std": 0.0067624792775528245,
      "n": 8
    },
    "Astrocyte": {
      "mean_shift": 0.021079033613204956,
      "std": 5.301833152770996e-05,
      "n": 2
    }
  },
  "GRIN2A": {
    "Inhibitory": {
      "mean_shift": 0.01931604267894358,
      "std": 0.004508355681455062,
      "n": 69
    },
    "Excitatory": {
      "mean_shift": 0.018922733830976056,
      "std": 0.006231687493132607,
      "n": 111
    },
    "Oligodendrocyte": {
      "mean_shift": 0.018851921325776635,
      "std": 0.007230112900120867,
      "n": 41
    },
    "Other": {
      "mean_shift": 0.021123170852661133,
      "std": 0.0,
      "n": 1
    },
    "Astrocyte": {
      "mean_shift": 0.0003224015235900879,
      "std": 0.0,
      "n": 1
    }
  },
  "SHANK3": {
    "Oligodendrocyte": {
      "mean_shift": 0.0061489492654800415,
      "std": 0.005385722945558648,
      "n": 28
    },
    "Excitatory": {
      "mean_shift": 0.009334743022918701,
      "std": 0.004644989967346191,
      "n": 2
    },
    "Astrocyte": {
      "mean_shift": 0.005025088787078857,
      "std": 0.0,
      "n": 1
    },
    "Other": {
      "mean_shift": 0.007045149803161621,
      "std": 0.0,
      "n": 1
    },
    "OPC": {
      "mean_shift": 0.00712054967880249,
      "std": 0.003027021884918213,
      "n": 2
    },
    "Inhibitory": {
      "mean_shift": 0.0034289956092834473,
      "std": 0.0,
      "n": 1
    }
  },
  "HOMER1": {
    "Inhibitory": {
      "mean_shift": 0.016919090634300596,
      "std": 0.006116608900575187,
      "n": 42
    },
    "Excitatory": {
      "mean_shift": 0.017192354480039727,
      "std": 0.005929159713945297,
      "n": 103
    },
    "Astrocyte": {
      "mean_shift": 0.00631403923034668,
      "std": 0.0,
      "n": 1
    },
    "Oligodendrocyte": {
      "mean_shift": 0.0182037353515625,
      "std": 0.014682398870378416,
      "n": 13
    },
    "OPC": {
      "mean_shift": 0.02011714662824358,
      "std": 0.0011280974065734004,
      "n": 7
    },
    "Other": {
      "mean_shift": 0.05167049169540405,
      "std": 0.0,
      "n": 1
    }
  },
  "APP": {
    "Inhibitory": {
      "mean_shift": 0.018891068867274693,
      "std": 0.0038944044179035687,
      "n": 70
    },
    "Excitatory": {
      "mean_shift": 0.01827140904347831,
      "std": 0.0050336494142916455,
      "n": 109
    },
    "Oligodendrocyte": {
      "mean_shift": 0.01828715611587871,
      "std": 0.005887339636113564,
      "n": 220
    },
    "OPC": {
      "mean_shift": 0.017073368032773335,
      "std": 0.005886800325123553,
      "n": 24
    },
    "Astrocyte": {
      "mean_shift": 0.018066028753916424,
      "std": 0.00129112027191338,
      "n": 3
    },
    "Other": {
      "mean_shift": 0.01917332410812378,
      "std": 0.003279920073830232,
      "n": 4
    }
  },
  "NEGR1": {
    "Inhibitory": {
      "mean_shift": 0.01582610429222904,
      "std": 0.007276820493084654,
      "n": 67
    },
    "Excitatory": {
      "mean_shift": 0.016569588036663765,
      "std": 0.007231052963558479,
      "n": 113
    },
    "Astrocyte": {
      "mean_shift": 0.009885144233703614,
      "std": 0.007739129910005394,
      "n": 5
    },
    "Oligodendrocyte": {
      "mean_shift": 0.017612679799397787,
      "std": 0.00826931219777426,
      "n": 75
    },
    "OPC": {
      "mean_shift": 0.018637213855981827,
      "std": 0.003266170545012949,
      "n": 16
    },
    "Other": {
      "mean_shift": 0.010094642639160156,
      "std": 0.009593605995178223,
      "n": 2
    }
  },
  "NLGN1": {
    "Inhibitory": {
      "mean_shift": 0.016253794307139382,
      "std": 0.006244521233531519,
      "n": 67
    },
    "Excitatory": {
      "mean_shift": 0.015573351250754462,
      "std": 0.0077844634515496025,
      "n": 90
    },
    "Oligodendrocyte": {
      "mean_shift": 0.0158767669628828,
      "std": 0.007111474595996698,
      "n": 195
    },
    "OPC": {
      "mean_shift": 0.01728272217291373,
      "std": 0.004433363099511687,
      "n": 27
    },
    "Astrocyte": {
      "mean_shift": 0.02077329158782959,
      "std": 0.0,
      "n": 1
    }
  },
  "TCF4": {
    "Inhibitory": {
      "mean_shift": 0.014955301818094756,
      "std": 0.006715735739412822,
      "n": 76
    },
    "Excitatory": {
      "mean_shift": 0.015089433019359907,
      "std": 0.007079919223596783,
      "n": 96
    },