{
  "intelligence_genes": {
    "MEF2C": {
      "mean_shift": 0.0184425319786425,
      "std_shift": 0.006518398611022745,
      "n_cells": 216,
      "mean_cos_sim": 0.9815574680213575
    },
    "BDNF": {
      "mean_shift": 0.014018572610000083,
      "std_shift": 0.007800970670371004,
      "n_cells": 174,
      "mean_cos_sim": 0.9859814273899999
    },
    "GRIN2B": {
      "mean_shift": 0.017583773610341615,
      "std_shift": 0.005751995376366633,
      "n_cells": 181,
      "mean_cos_sim": 0.9824162263896584
    },
    "CADM2": {
      "mean_shift": 0.019627257929009906,
      "std_shift": 0.004490611163070982,
      "n_cells": 472,
      "mean_cos_sim": 0.9803727420709901
    },
    "NRXN1": {
      "mean_shift": 0.017791572942773337,
      "std_shift": 0.007573832385435061,
      "n_cells": 241,
      "mean_cos_sim": 0.9822084270572267
    },
    "CAMK2A": {
      "mean_shift": 0.018922281649804886,
      "std_shift": 0.00587987572931476,
      "n_cells": 155,
      "mean_cos_sim": 0.9810777183501951
    },
    "GRIN2A": {
      "mean_shift": 0.01895786881981409,
      "std_shift": 0.006070469569714811,
      "n_cells": 223,
      "mean_cos_sim": 0.9810421311801859
    },
    "SHANK3": {
      "mean_shift": 0.006302297115325928,
      "std_shift": 0.0050835134983979605,
      "n_cells": 35,
      "mean_cos_sim": 0.9936977028846741
    },
    "HOMER1": {
      "mean_shift": 0.017466272065739433,
      "std_shift": 0.007492319278250417,
      "n_cells": 167,
      "mean_cos_sim": 0.9825337279342605
    },
    "APP": {
      "mean_shift": 0.018320430156796477,
      "std_shift": 0.005368357565385183,
      "n_cells": 430,
      "mean_cos_sim": 0.9816795698432035
    },
    "NEGR1": {
      "mean_shift": 0.016624006650430692,
      "std_shift": 0.00752278812171109,
      "n_cells": 278,
      "mean_cos_sim": 0.9833759933495693
    },
    "NLGN1": {
      "mean_shift": 0.01598416362938128,
      "std_shift": 0.00698675610353609,
      "n_cells": 380,
      "mean_cos_sim": 0.9840158363706187
    },
    "TCF4": {
      "mean_shift": 0.015230617739937523,
      "std_shift": 0.006659740443263047,
      "n_cells": 440,
      "mean_cos_sim": 0.9847693822600625
    },
    "MAPT": {
      "mean_shift": 0.013814136627558116,
      "std_shift": 0.006655275869783343,
      "n_cells": 370,
      "mean_cos_sim": 0.9861858633724419
    },
    "FOXO3": {
      "mean_shift": 0.014868919616160185,
      "std_shift": 0.006448064824182169,
      "n_cells": 276,
      "mean_cos_sim": 0.9851310803838398
    },
    "CREB1": {
      "mean_shift": 0.012409844795862834,
      "std_shift": 0.006590882576354865,
      "n_cells": 150,
      "mean_cos_sim": 0.9875901552041372
    },
    "FMR1": {
      "mean_shift": 0.01091100976747625,
      "std_shift": 0.005414714387078773,
      "n_cells": 68,
      "mean_cos_sim": 0.9890889902325237
    },
    "SYN1": {
      "mean_shift": 0.009434258937835694,
      "std_shift": 0.005738792018952635,
      "n_cells": 30,
      "mean_cos_sim": 0.9905657410621643
    },
    "SCN1A": {
      "mean_shift": 0.01792155439789231,
      "std_shift": 0.006035347000307314,
      "n_cells": 185,
      "mean_cos_sim": 0.9820784456021077
    },
    "SLC6A4": {
      "mean_shift": 0.01613074541091919,
      "std_shift": 0.0,
      "n_cells": 1,
      "mean_cos_sim": 0.9838692545890808
    },
    "COMT": {
      "mean_shift": 0.009359199706822226,
      "std_shift": 0.0053768215651729834,
      "n_cells": 73,
      "mean_cos_sim": 0.9906408002931778
    }
  },
  "expression_matched_controls": {
    "EXOC6B": {
      "mean_shift": 0.0162639258872895,
      "std_shift": 0.00628677669654816,
      "n_cells": 420,
      "mean_cos_sim": 0.9837360741127105,
      "matched_to": "CADM2"
    },
    "DOCK9": {
      "mean_shift": 0.016018693461830234,
      "std_shift": 0.005718128131120479,
      "n_cells": 324,
      "mean_cos_sim": 0.9839813065381697,
      "matched_to": "APP"
    },
    "PDE7B": {
      "mean_shift": 0.0181028891492773,
      "std_shift": 0.006218566366021734,
      "n_cells": 135,
      "mean_cos_sim": 0.9818971108507227,
      "matched_to": "FOXO3"
    },
    "ZDHHC9": {
      "mean_shift": 0.015358674164974329,
      "std_shift": 0.005654742859836169,
      "n_cells": 165,
      "mean_cos_sim": 0.9846413258350257,
      "matched_to": "NLGN1"
    },
    "HDAC11": {
      "mean_shift": 0.013290002140947568,
      "std_shift": 0.005485703056801227,
      "n_cells": 93,
      "mean_cos_sim": 0.9867099978590524,
      "matched_to": "MAPT"
    },
    "XRCC6": {
      "mean_shift": 0.01020733327478976,
      "std_shift": 0.006183299086444092,
      "n_cells": 74,
      "mean_cos_sim": 0.9897926667252103,
      "matched_to": "TCF4"
    },
    "WDR46": {
      "mean_shift": 0.009860600295819734,
      "std_shift": 0.00581538875613184,
      "n_cells": 19,
      "mean_cos_sim": 0.9901393997041803,
      "matched_to": "CREB1"
    },
    "CUEDC2": {
      "mean_shift": 0.01205541832106454,
      "std_shift": 0.004637427600729789,
      "n_cells": 42,
      "mean_cos_sim": 0.9879445816789355,
      "matched_to": "DISC1"
    },
    "IGSF10": {
      "mean_shift": 0.01384287259795449,
      "std_shift": 0.006577788595371154,
      "n_cells": 22,
      "mean_cos_sim": 0.9861571274020455,
      "matched_to": "NEGR1"
    },
    "SALL3": {
      "mean_shift": 0.009246192872524261,
      "std_shift": 0.005901290387082396,
      "n_cells": 8,
      "mean_cos_sim": 0.9907538071274757,
      "matched_to": "FMR1"
    },
    "TMEM88": {
      "mean_shift": 0.004811644554138184,
      "std_shift": 0.0,
      "n_cells": 1,
      "mean_cos_sim": 0.9951883554458618,
      "matched_to": "MEF2C"
    }
  },
  "housekeeping_controls": {
    "ACTB": {
      "mean_shift": 0.0004680929360566316,
      "std_shift": 0.0005802515015526794,
      "n_cells": 27,
      "mean_cos_sim": 0.9995319070639433
    },
    "GAPDH": {
      "mean_shift": 0.0010133484999338787,
      "std_shift": 0.0007607455471511009,
      "n_cells": 18,
      "mean_cos_sim": 0.9989866515000662
    },
    "B2M": {
      "mean_shift": 8.003910382588704e-05,
      "std_shift": 5.141424837274637e-05,
      "n_cells": 12,
      "mean_cos_sim": 0.9999199608961741
    },
    "RPL13A": {
      "mean_shift": 0.0001716315746307373,
      "std_shift": 7.0262005235133e-05,
      "n_cells": 12,
      "mean_cos_sim": 0.9998283684253693
    },
    "YWHAZ": {
      "mean_shift": 0.011647091462061955,
      "std_shift": 0.006349965951996888,
      "n_cells": 169,
      "mean_cos_sim": 0.988352908537938
    }
  },
  "statistical_tests": {
    "gene_level": {
      "intel_vs_expr_matched": {
        "u_stat": 163.0,
        "p_value": 0.031106750575696007,
        "cohens_d": 0.6931544312741122
      },
      "intel_vs_housekeeping": {
        "u_stat": 101.0,
        "p_value": 0.00018242626938279113,
        "cohens_d": 3.18579657652306
      },
      "intel_vs_all_controls": {
        "u_stat": 264.0,
        "p_value": 0.001707175265319603,
        "cohens_d": 1.1496623862925257
      }
    },
    "cell_level": {
      "intel_vs_expr_matched": {
        "u_stat": 3349679.5,
        "p_value": 2.359924624200317e-13,
        "cohens_d": 0.15823063680720725
      },
      "intel_vs_all_controls": {
        "u_stat": 4215223.0,
        "p_value": 2.6386559769491018e-33,
        "cohens_d": 0.3116221313644176
      }
    },
    "paired_comparison": {
      "pairs": [
        {
          "intelligence_gene": "CADM2",
          "control_gene": "EXOC6B",
          "intel_shift": 0.019627257929009906,
          "ctrl_shift": 0.0162639258872895,
          "difference": 0.003363332041720405,
          "intel_n": 472,
          "ctrl_n": 420
        },
        {
          "intelligence_gene": "APP",
          "control_gene": "DOCK9",
          "intel_shift": 0.018320430156796477,
          "ctrl_shift": 0.016018693461830234,
          "difference": 0.002301736694966243,
          "intel_n": 430,