{
  "analysis_date": "2026-02-13T16:01:32.934335",
  "phase": "Phase 2 - Corrected Transformer-based Analysis",
  "dataset_file": "D:\\openclaw\\intelligence-augmentation\\data\\brain_scrna\\DLPFC_11k.h5ad",
  "n_cells_analyzed": 3425,
  "n_genes_requested": 22,
  "n_genes_found": 22,
  "genes_found": [
    "CADM2",
    "APP",
    "FOXO3",
    "NLGN1",
    "MAPT",
    "TCF4",
    "CREB1",
    "DISC1",
    "NEGR1",
    "GRIN2A",
    "FMR1",
    "COMT",
    "BDNF",
    "CAMK2A",
    "HOMER1",
    "SHANK3",
    "NRXN1",
    "MEF2C",
    "SLC6A4",
    "SCN1A",
    "GRIN2B",
    "SYN1"
  ],
  "n_cell_types": 10,
  "cell_type_column": "cell_type",
  "top_genes_by_mean": {
    "CADM2": 0.003398959078729564,
    "NRXN1": 0.0028714750209888258,
    "NLGN1": 0.0017194406165077307,
    "NEGR1": 0.00093014117567339,
    "TCF4": 0.0008617969331925099,
    "MEF2C": 0.0007748156274130557,
    "APP": 0.0005386475354699031,
    "GRIN2A": 0.0005284896360440044,
    "GRIN2B": 0.00047882228046991303,
    "MAPT": 0.00037053070094837486
  },
  "top_genes_by_max": {
    "CADM2": 0.022823330014944077,
    "NRXN1": 0.011531286872923374,
    "NLGN1": 0.010329757817089558,
    "GRIN2A": 0.00814635306596756,
    "MEF2C": 0.006856730207800865,
    "NEGR1": 0.005747126415371895,
    "HOMER1": 0.005264578852802515,
    "DISC1": 0.004725339822471142,
    "MAPT": 0.004226542543619871,
    "TCF4": 0.0036252355203032494
  },
  "n_drug_candidates": 1223,
  "runtime_seconds": 13.952165,
  "method": "expression_weighted_perturbation_analysis_with_gene_mapping",
  "hardware_used": {
    "device": "cuda",
    "gpu_available": true,
    "gpu_name": "NVIDIA GeForce RTX 2060"
  }
}