{
  "combos": {
    "GRIN2A_MEF2C": {
      "g1": "GRIN2A",
      "g2": "MEF2C",
      "mean_shift": 0.04519262051178237,
      "std": 0.01012889670890835,
      "n": 177,
      "se": 0.0007613344979301887,
      "expected": 0.03728,
      "ratio": 1.2122484042860078,
      "p": 0.0,
      "q": 0.0
    },
    "GRIN2A_CAMK2A": {
      "g1": "GRIN2A",
      "g2": "CAMK2A",
      "mean_shift": 0.045416460392322944,
      "std": 0.009955870089101924,
      "n": 141,
      "se": 0.0008384355121425881,
      "expected": 0.03788,
      "ratio": 1.1989561877593176,
      "p": 0.0,
      "q": 0.0
    },
    "CAMK2A_MEF2C": {
      "g1": "CAMK2A",
      "g2": "MEF2C",
      "mean_shift": 0.04409863957523429,
      "std": 0.009793796481245872,
      "n": 137,
      "se": 0.0008367405021871878,
      "expected": 0.037239999999999995,
      "ratio": 1.184173995038515,
      "p": 0.0,
      "q": 0.0
    },
    "CADM2_GRIN2A": {
      "g1": "CADM2",
      "g2": "GRIN2A",
      "mean_shift": 0.04451268772746241,
      "std": 0.009829346404686155,
      "n": 215,
      "se": 0.0006703558608690408,
      "expected": 0.03859,
      "ratio": 1.153477266842768,
      "p": 0.0,
      "q": 0.0
    },
    "CADM2_CAMK2A": {
      "g1": "CADM2",
      "g2": "CAMK2A",
      "mean_shift": 0.04446097228087877,
      "std": 0.009271441883436616,
      "n": 152,
      "se": 0.0007520132391311807,
      "expected": 0.03855,
      "ratio": 1.1533326142899811,
      "p": 0.0,
      "q": 0.0
    },
    "CADM2_MEF2C": {
      "g1": "CADM2",
      "g2": "MEF2C",
      "mean_shift": 0.04298503320626538,
      "std": 0.010704965456108063,
      "n": 198,
      "se": 0.0007607687679347677,
      "expected": 0.03795,
      "ratio": 1.1326754468054119,
      "p": 0.0,
      "q": 0.0
    },
    "MEF2C_APP": {
      "g1": "MEF2C",
      "g2": "APP",
      "mean_shift": 0.04103830878023078,
      "std": 0.010907376187804872,
      "n": 191,
      "se": 0.0007892300419866869,
      "expected": 0.03664,
      "ratio": 1.1200411784997484,
      "p": 0.0,
      "q": 0.0
    },
    "CAMK2A_APP": {
      "g1": "CAMK2A",
      "g2": "APP",
      "mean_shift": 0.04159646650840496,
      "std": 0.010019428879965325,
      "n": 145,
      "se": 0.0008320682791971408,
      "expected": 0.037239999999999995,
      "ratio": 1.1169835260044298,
      "p": 0.0,
      "q": 0.0
    },
    "GRIN2A_APP": {
      "g1": "GRIN2A",
      "g2": "APP",
      "mean_shift": 0.04159917735375499,
      "std": 0.010380120881430541,
      "n": 211,
      "se": 0.0007145969914936026,
      "expected": 0.03728,
      "ratio": 1.1158577616350587,
      "p": 0.0,
      "q": 0.0
    },
    "CADM2_APP": {
      "g1": "CADM2",
      "g2": "APP",
      "mean_shift": 0.04233290316110634,
      "std": 0.009377498898516374,
      "n": 415,
      "se": 0.0004603233164229163,
      "expected": 0.03795,
      "ratio": 1.1154915193967416,
      "p": 0.0,
      "q": 0.0
    }
  },
  "n_nominal": 10,
  "n_fdr": 10
}